Unnamed: 0.2,Unnamed: 0.1,Unnamed: 0,match_id,shotX,shotY,quarter,time_remaining,player,team,made,shot_type,distance,score,opp,status
802,802,802,200010310NJN,24.0,5.0,2nd quarter,11:41.0,Bimbo Coles,CLE,True,2-pointer,0,20-25,'NJN',trails
808,808,808,200010310NJN,37.8,17.2,2nd quarter,7:06.0,Bimbo Coles,CLE,True,2-pointer,18,29-35,'NJN',trails
838,838,838,200010310NJN,10.6,7.1,3rd quarter,1:15.0,Bimbo Coles,CLE,False,2-pointer,14,62-59,'NJN',leads
844,844,844,200010310NJN,40.7,7.1,4th quarter,8:46.0,Bimbo Coles,CLE,False,2-pointer,17,67-62,'NJN',leads
848,848,848,200010310NJN,34.0,16.6,4th quarter,6:20.0,Bimbo Coles,CLE,True,2-pointer,15,71-67,'NJN',leads
851,851,851,200010310NJN,45.6,21.0,4th quarter,4:48.0,Bimbo Coles,CLE,True,3-pointer,27,74-67,'NJN',leads
854,854,854,200010310NJN,23.6,19.1,4th quarter,2:44.0,Bimbo Coles,CLE,True,2-pointer,14,79-70,'NJN',leads
409,409,409,200011010CLE,32.5,18.3,1st quarter,0:03.9,Bimbo Coles,CLE,False,2-pointer,16,27-23,'SAC',leads
413,413,413,200011010CLE,26.2,5.0,2nd quarter,9:25.0,Bimbo Coles,CLE,False,2-pointer,2,28-27,'SAC',leads
419,419,419,200011010CLE,34.0,18.7,2nd quarter,6:39.0,Bimbo Coles,CLE,True,2-pointer,17,36-35,'SAC',leads
451,451,451,200011010CLE,27.0,5.7,4th quarter,9:26.0,Bimbo Coles,CLE,True,2-pointer,3,73-67,'SAC',leads
452,452,452,200011010CLE,34.0,22.1,4th quarter,8:29.0,Bimbo Coles,CLE,True,2-pointer,20,75-67,'SAC',leads
455,455,455,200011010CLE,24.7,18.3,4th quarter,5:31.0,Bimbo Coles,CLE,False,2-pointer,13,79-71,'SAC',leads
256,256,256,200011040CLE,1.9,17.2,2nd quarter,7:53.0,Bimbo Coles,CLE,False,3-pointer,25,32-27,'BOS',leads
267,267,267,200011040CLE,24.1,5.0,2nd quarter,3:07.0,Bimbo Coles,CLE,True,2-pointer,0,44-33,'BOS',leads
268,268,268,200011040CLE,24.1,17.7,2nd quarter,2:14.0,Bimbo Coles,CLE,True,2-pointer,13,46-34,'BOS',leads
269,269,269,200011040CLE,27.0,7.3,2nd quarter,1:40.0,Bimbo Coles,CLE,True,2-pointer,4,48-36,'BOS',leads
271,271,271,200011040CLE,32.5,7.8,2nd quarter,0:09.9,Bimbo Coles,CLE,True,2-pointer,9,50-40,'BOS',leads
284,284,284,200011040CLE,33.4,17.2,3rd quarter,0:01.9,Bimbo Coles,CLE,False,2-pointer,15,77-69,'BOS',leads
287,287,287,200011040CLE,23.6,9.0,4th quarter,9:28.0,Bimbo Coles,CLE,False,2-pointer,4,79-74,'BOS',leads
297,297,297,200011040CLE,22.8,7.3,4th quarter,1:48.0,Bimbo Coles,CLE,False,2-pointer,3,87-87,'BOS',tied
842,842,842,200011080NYK,8.5,16.8,1st quarter,0:41.0,Bimbo Coles,CLE,True,2-pointer,19,21-27,'NYK',trails
849,849,849,200011080NYK,24.0,5.0,2nd quarter,9:03.0,Bimbo Coles,CLE,True,2-pointer,0,30-27,'NYK',leads
856,856,856,200011080NYK,24.0,5.0,2nd quarter,4:32.0,Bimbo Coles,CLE,True,2-pointer,0,45-38,'NYK',leads
859,859,859,200011080NYK,33.4,5.0,2nd quarter,1:44.0,Bimbo Coles,CLE,True,2-pointer,9,49-49,'NYK',tied
862,862,862,200011080NYK,37.8,7.6,2nd quarter,0:34.4,Bimbo Coles,CLE,True,2-pointer,14,53-53,'NYK',tied
882,882,882,200011080NYK,24.0,5.0,3rd quarter,0:01.6,Bimbo Coles,CLE,False,2-pointer,0,74-77,'NYK',trails
884,884,884,200011080NYK,12.1,5.9,4th quarter,10:28.0,Bimbo Coles,CLE,False,2-pointer,12,76-77,'NYK',trails
885,885,885,200011080NYK,32.5,20.2,4th quarter,10:22.0,Bimbo Coles,CLE,False,2-pointer,17,76-77,'NYK',trails
889,889,889,200011080NYK,33.4,19.1,4th quarter,6:52.0,Bimbo Coles,CLE,True,2-pointer,17,83-84,'NYK',trails
893,893,893,200011080NYK,28.3,7.6,4th quarter,2:10.0,Bimbo Coles,CLE,False,2-pointer,5,92-88,'NYK',leads
895,895,895,200011080NYK,9.9,15.1,4th quarter,0:48.7,Bimbo Coles,CLE,True,2-pointer,17,95-90,'NYK',leads
662,662,662,200011100TOR,25.6,23.4,1st quarter,1:46.0,Bimbo Coles,CLE,False,2-pointer,18,19-23,'TOR',trails
668,668,668,200011100TOR,33.4,5.4,2nd quarter,10:36.0,Bimbo Coles,CLE,False,2-pointer,9,23-30,'TOR',trails
678,678,678,200011100TOR,39.9,19.4,2nd quarter,5:37.0,Bimbo Coles,CLE,True,2-pointer,21,35-43,'TOR',trails
717,717,717,200011100TOR,23.6,11.6,4th quarter,9:31.0,Bimbo Coles,CLE,True,2-pointer,7,71-95,'TOR',trails
236,236,236,200011110CLE,9.1,2.7,2nd quarter,9:57.0,Bimbo Coles,CLE,True,2-pointer,15,35-25,'CLE',leads
247,247,247,200011110CLE,9.5,13.5,2nd quarter,4:05.0,Bimbo Coles,CLE,False,2-pointer,17,47-31,'CLE',leads
248,248,248,200011110CLE,24.3,18.7,2nd quarter,3:33.0,Bimbo Coles,CLE,True,2-pointer,14,49-31,'CLE',leads
249,249,249,200011110CLE,11.0,8.4,2nd quarter,2:48.0,Bimbo Coles,CLE,False,2-pointer,13,49-31,'CLE',leads
266,266,266,200011110CLE,36.5,3.1,3rd quarter,3:12.0,Bimbo Coles,CLE,False,2-pointer,13,52-52,'CLE',tied
268,268,268,200011110CLE,13.8,18.2,3rd quarter,1:15.0,Bimbo Coles,CLE,False,2-pointer,17,52-56,'CLE',trails
253,253,253,200011140CLE,14.6,17.7,1st quarter,0:03.2,Bimbo Coles,CLE,True,2-pointer,16,25-22,'CLE',leads
257,257,257,200011140CLE,17.5,17.2,2nd quarter,9:28.0,Bimbo Coles,CLE,True,2-pointer,14,27-26,'CLE',leads
260,260,260,200011140CLE,31.7,18.7,2nd quarter,7:25.0,Bimbo Coles,CLE,False,2-pointer,16,29-28,'CLE',leads
275,275,275,200011140CLE,15.4,17.2,3rd quarter,7:11.0,Bimbo Coles,CLE,False,2-pointer,15,50-46,'CLE',leads
285,285,285,200011140CLE,41.6,7.8,3rd quarter,0:19.8,Bimbo Coles,CLE,True,2-pointer,18,63-65,'CLE',trails
286,286,286,200011140CLE,30.8,18.7,3rd quarter,0:00.0,Bimbo Coles,CLE,False,2-pointer,15,63-65,'CLE',trails
958,958,958,200011150PHI,39.3,13.2,1st quarter,0:05.4,Bimbo Coles,CLE,True,2-pointer,17,31-24,'CLE',leads
962,962,962,200011150PHI,10.4,4.4,2nd quarter,10:05.0,Bimbo Coles,CLE,True,2-pointer,14,37-26,'CLE',leads
966,966,966,200011150PHI,24.3,18.3,2nd quarter,5:36.0,Bimbo Coles,CLE,False,2-pointer,13,41-37,'CLE',leads
992,992,992,200011150PHI,25.1,12.0,3rd quarter,3:33.0,Bimbo Coles,CLE,False,2-pointer,7,61-72,'CLE',trails
993,993,993,200011150PHI,28.7,24.4,3rd quarter,3:12.0,Bimbo Coles,CLE,False,2-pointer,20,61-73,'CLE',trails
996,996,996,200011150PHI,27.9,18.7,3rd quarter,1:05.0,Bimbo Coles,CLE,True,2-pointer,14,69-77,'CLE',trails
500,500,500,200011170MIL,28.7,5.4,1st quarter,1:13.0,Bimbo Coles,CLE,False,2-pointer,5,16-15,'MIL',leads
503,503,503,200011170MIL,30.8,10.5,1st quarter,0:00.0,Bimbo Coles,CLE,False,2-pointer,9,18-20,'MIL',trails
504,504,504,200011170MIL,13.9,20.0,2nd quarter,11:21.0,Bimbo Coles,CLE,False,2-pointer,18,18-22,'MIL',trails
542,542,542,200011170MIL,35.9,17.0,4th quarter,9:36.0,Bimbo Coles,CLE,False,2-pointer,17,67-69,'MIL',trails
94,94,94,200101220CLE,32.5,18.5,2nd quarter,10:57.0,Bimbo Coles,CLE,False,2-pointer,16,19-17,'POR',leads
99,99,99,200101220CLE,7.8,10.9,2nd quarter,7:43.0,Bimbo Coles,CLE,False,2-pointer,17,27-20,'POR',leads
127,127,127,200101220CLE,29.1,7.8,3rd quarter,4:00.0,Bimbo Coles,CLE,False,2-pointer,6,49-36,'POR',leads
132,132,132,200101220CLE,34.8,16.4,3rd quarter,0:00.0,Bimbo Coles,CLE,False,2-pointer,16,59-45,'POR',leads
253,253,253,200101240CLE,29.8,14.1,2nd quarter,9:41.0,Bimbo Coles,CLE,True,2-pointer,11,29-21,'CLE',leads
254,254,254,200101240CLE,24.7,14.1,2nd quarter,8:15.0,Bimbo Coles,CLE,False,2-pointer,9,29-23,'CLE',leads
407,407,407,200101270CLE,17.7,18.7,1st quarter,1:59.0,Bimbo Coles,CLE,True,2-pointer,15,16-23,'CLE',trails
409,409,409,200101270CLE,28.3,11.1,1st quarter,0:21.0,Bimbo Coles,CLE,True,2-pointer,7,22-27,'CLE',trails
417,417,417,200101270CLE,31.3,12.8,2nd quarter,7:29.0,Bimbo Coles,CLE,False,2-pointer,11,30-36,'CLE',trails
418,418,418,200101270CLE,29.8,14.9,2nd quarter,6:47.0,Bimbo Coles,CLE,False,2-pointer,11,30-38,'CLE',trails
425,425,425,200101270CLE,16.3,13.9,2nd quarter,1:46.0,Bimbo Coles,CLE,False,2-pointer,12,38-52,'CLE',trails
428,428,428,200101270CLE,28.3,4.8,2nd quarter,1:04.0,Bimbo Coles,CLE,True,2-pointer,4,42-52,'CLE',trails
459,459,459,200101270CLE,24.1,4.8,4th quarter,4:24.0,Bimbo Coles,CLE,True,2-pointer,0,85-92,'CLE',trails
461,461,461,200101270CLE,39.9,9.7,4th quarter,3:18.0,Bimbo Coles,CLE,False,2-pointer,17,85-94,'CLE',trails
1165,1165,1165,200101290WAS,9.5,16.4,3rd quarter,2:11.0,Bimbo Coles,CLE,False,2-pointer,18,55-71,'WAS',trails
1167,1167,1167,200101290WAS,27.9,10.7,3rd quarter,0:07.9,Bimbo Coles,CLE,False,2-pointer,7,60-78,'WAS',trails
1171,1171,1171,200101290WAS,35.0,17.9,4th quarter,10:25.0,Bimbo Coles,CLE,True,2-pointer,17,66-78,'WAS',trails
1172,1172,1172,200101290WAS,41.6,25.0,4th quarter,9:48.0,Bimbo Coles,CLE,False,3-pointer,27,66-80,'WAS',trails
94,94,94,200101300CLE,22.8,11.6,1st quarter,0:31.2,Bimbo Coles,CLE,True,2-pointer,7,25-33,'LAL',trails
95,95,95,200101300CLE,33.4,17.7,1st quarter,0:02.9,Bimbo Coles,CLE,False,2-pointer,16,26-35,'LAL',trails
99,99,99,200101300CLE,42.0,3.7,2nd quarter,10:30.0,Bimbo Coles,CLE,False,2-pointer,18,26-37,'LAL',trails
100,100,100,200101300CLE,25.6,7.3,2nd quarter,10:26.0,Bimbo Coles,CLE,True,2-pointer,3,28-37,'LAL',trails
127,127,127,200101300CLE,42.0,3.7,3rd quarter,3:35.0,Bimbo Coles,CLE,False,2-pointer,18,55-71,'LAL',trails
133,133,133,200101300CLE,32.5,43.4,3rd quarter,0:00.0,Bimbo Coles,CLE,False,3-pointer,39,63-82,'LAL',trails
138,138,138,200101300CLE,25.6,6.3,4th quarter,9:01.0,Bimbo Coles,CLE,False,2-pointer,2,68-86,'LAL',trails
143,143,143,200101300CLE,16.3,8.4,4th quarter,6:53.0,Bimbo Coles,CLE,True,2-pointer,8,77-89,'LAL',trails
144,144,144,200101300CLE,39.9,4.2,4th quarter,6:05.0,Bimbo Coles,CLE,True,2-pointer,16,79-89,'LAL',trails
151,151,151,200101300CLE,24.1,5.0,4th quarter,1:18.0,Bimbo Coles,CLE,True,2-pointer,0,93-98,'LAL',trails
152,152,152,200101300CLE,24.7,4.8,4th quarter,0:51.9,Bimbo Coles,CLE,True,2-pointer,1,95-100,'LAL',trails
153,153,153,200101300CLE,9.9,5.7,4th quarter,0:21.9,Bimbo Coles,CLE,False,2-pointer,14,96-100,'LAL',trails
93,93,93,200102010CLE,22.8,20.0,2nd quarter,11:44.0,Bimbo Coles,CLE,False,2-pointer,15,21-23,'CLE',trails
100,100,100,200102010CLE,24.7,11.6,2nd quarter,7:25.0,Bimbo Coles,CLE,False,2-pointer,7,27-29,'CLE',trails
103,103,103,200102010CLE,19.8,23.8,2nd quarter,5:03.0,Bimbo Coles,CLE,False,2-pointer,19,29-35,'CLE',trails
128,128,128,200102010CLE,14.8,7.8,3rd quarter,1:19.0,Bimbo Coles,CLE,False,2-pointer,10,56-61,'CLE',trails
130,130,130,200102010CLE,27.7,9.7,3rd quarter,0:02.9,Bimbo Coles,CLE,False,2-pointer,6,57-64,'CLE',trails
134,134,134,200102010CLE,12.1,10.1,4th quarter,10:18.0,Bimbo Coles,CLE,False,2-pointer,13,63-66,'CLE',trails
135,135,135,200102010CLE,24.1,10.1,4th quarter,9:20.0,Bimbo Coles,CLE,False,2-pointer,5,64-66,'CLE',trails
144,144,144,200102010CLE,40.7,6.3,4th quarter,1:22.0,Bimbo Coles,CLE,True,2-pointer,17,78-88,'CLE',trails
107,107,107,200102030CLE,42.0,5.0,1st quarter,4:59.0,Bimbo Coles,CLE,False,2-pointer,18,10-12,'DET',trails
112,112,112,200102030CLE,19.8,17.7,1st quarter,1:42.0,Bimbo Coles,CLE,True,2-pointer,13,15-22,'DET',trails
113,113,113,200102030CLE,7.0,5.7,1st quarter,1:13.0,Bimbo Coles,CLE,False,2-pointer,17,15-23,'DET',trails
117,117,117,200102030CLE,39.9,9.7,2nd quarter,8:48.0,Bimbo Coles,CLE,False,2-pointer,17,23-30,'DET',trails
120,120,120,200102030CLE,13.5,4.2,2nd quarter,8:04.0,Bimbo Coles,CLE,True,2-pointer,11,29-32,'DET',trails
162,162,162,200102030CLE,14.2,16.6,4th quarter,5:47.0,Bimbo Coles,CLE,False,2-pointer,15,68-66,'DET',leads
17,17,17,200102040BOS,24.3,11.3,2nd quarter,11:16.0,Bimbo Coles,CLE,False,2-pointer,6,19-37,'BOS',trails
19,19,19,200102040BOS,24.3,27.6,2nd quarter,10:40.0,Bimbo Coles,CLE,True,2-pointer,23,23-37,'BOS',trails
22,22,22,200102040BOS,12.3,21.3,2nd quarter,9:03.0,Bimbo Coles,CLE,False,2-pointer,20,25-42,'BOS',trails
56,56,56,200102040BOS,9.3,17.5,3rd quarter,0:24.9,Bimbo Coles,CLE,False,2-pointer,19,63-85,'BOS',trails
267,267,267,200102070CLE,31.9,6.3,2nd quarter,9:24.0,Bimbo Coles,CLE,False,2-pointer,8,22-31,'SAS',trails
302,302,302,200102070CLE,20.7,7.3,4th quarter,11:23.0,Bimbo Coles,CLE,False,2-pointer,4,65-75,'SAS',trails
279,279,279,200102130CLE,28.3,6.7,2nd quarter,8:50.0,Bimbo Coles,CLE,False,2-pointer,5,25-33,'TOR',trails
305,305,305,200102130CLE,16.3,19.4,3rd quarter,0:41.9,Bimbo Coles,CLE,True,2-pointer,16,67-85,'TOR',trails
306,306,306,200102130CLE,39.9,7.8,3rd quarter,0:16.9,Bimbo Coles,CLE,False,2-pointer,16,67-87,'TOR',trails
310,310,310,200102130CLE,12.1,14.9,4th quarter,9:23.0,Bimbo Coles,CLE,False,2-pointer,15,73-93,'TOR',trails
18,18,18,200102150DAL,8.3,3.1,1st quarter,0:23.9,Bimbo Coles,CLE,True,2-pointer,16,21-28,'DAL',trails
23,23,23,200102150DAL,9.5,6.5,2nd quarter,8:15.0,Bimbo Coles,CLE,True,2-pointer,15,27-41,'DAL',trails
60,60,60,200102150DAL,30.2,13.7,4th quarter,11:00.0,Bimbo Coles,CLE,True,2-pointer,11,63-77,'DAL',trails
69,69,69,200102150DAL,6.8,5.9,4th quarter,2:36.0,Bimbo Coles,CLE,False,2-pointer,17,75-98,'DAL',trails
74,74,74,200102150DAL,33.8,8.0,4th quarter,0:20.3,Bimbo Coles,CLE,False,2-pointer,10,81-98,'DAL',trails
334,334,334,200102170HOU,10.8,17.7,2nd quarter,7:55.0,Bimbo Coles,CLE,False,2-pointer,18,30-41,'HOU',trails
371,371,371,200102170HOU,24.1,24.8,4th quarter,8:09.0,Bimbo Coles,CLE,False,2-pointer,20,61-70,'HOU',trails
372,372,372,200102170HOU,24.0,5.0,4th quarter,7:03.0,Bimbo Coles,CLE,True,2-pointer,0,63-75,'HOU',trails
93,93,93,200102190CLE,23.6,16.4,2nd quarter,8:36.0,Bimbo Coles,CLE,True,2-pointer,11,25-31,'CLE',trails
94,94,94,200102190CLE,33.4,19.8,2nd quarter,8:10.0,Bimbo Coles,CLE,False,2-pointer,18,25-31,'CLE',trails
129,129,129,200102190CLE,28.3,23.6,3rd quarter,0:28.9,Bimbo Coles,CLE,False,2-pointer,19,62-71,'CLE',trails
134,134,134,200102190CLE,7.0,5.4,4th quarter,10:14.0,Bimbo Coles,CLE,False,2-pointer,17,66-71,'CLE',trails
143,143,143,200102190CLE,29.1,12.6,4th quarter,4:48.0,Bimbo Coles,CLE,False,2-pointer,9,78-79,'CLE',trails
146,146,146,200102210CLE,8.5,3.1,4th quarter,7:11.0,Bimbo Coles,CLE,False,2-pointer,16,77-81,'CLE',trails
105,105,105,200102230CLE,26.2,7.6,1st quarter,2:41.0,Bimbo Coles,CLE,True,2-pointer,3,13-16,'IND',trails
108,108,108,200102230CLE,8.5,33.5,1st quarter,0:00.0,Bimbo Coles,CLE,False,3-pointer,32,18-19,'IND',trails
109,109,109,200102230CLE,12.7,16.8,2nd quarter,11:45.0,Bimbo Coles,CLE,False,2-pointer,16,18-19,'IND',trails
147,147,147,200102230CLE,16.9,19.8,4th quarter,10:21.0,Bimbo Coles,CLE,True,2-pointer,16,68-66,'IND',leads
149,149,149,200102230CLE,15.2,19.1,4th quarter,9:10.0,Bimbo Coles,CLE,True,2-pointer,17,70-69,'IND',leads
154,154,154,200102230CLE,26.2,24.0,4th quarter,6:20.0,Bimbo Coles,CLE,True,2-pointer,19,77-75,'IND',leads
156,156,156,200102230CLE,22.8,6.9,4th quarter,5:12.0,Bimbo Coles,CLE,True,2-pointer,2,81-80,'IND',leads
157,157,157,200102230CLE,17.7,17.9,4th quarter,4:43.0,Bimbo Coles,CLE,False,2-pointer,14,81-82,'IND',trails
25,25,25,200102250DET,20.7,15.8,1st quarter,0:02.1,Bimbo Coles,CLE,True,2-pointer,11,22-24,'DET',trails
27,27,27,200102250DET,28.9,15.8,2nd quarter,11:09.0,Bimbo Coles,CLE,False,2-pointer,12,22-25,'DET',trails
32,32,32,200102250DET,19.2,14.1,2nd quarter,6:59.0,Bimbo Coles,CLE,True,2-pointer,10,34-36,'DET',trails
35,35,35,200102250DET,24.0,5.0,2nd quarter,5:12.0,Bimbo Coles,CLE,False,2-pointer,0,36-43,'DET',trails
74,74,74,200102250DET,37.6,3.7,4th quarter,8:54.0,Bimbo Coles,CLE,False,2-pointer,14,82-80,'DET',leads
82,82,82,200102250DET,35.5,13.5,4th quarter,5:00.0,Bimbo Coles,CLE,True,2-pointer,14,92-82,'DET',leads
83,83,83,200102250DET,32.5,15.1,4th quarter,4:37.0,Bimbo Coles,CLE,False,2-pointer,13,93-84,'DET',leads
703,703,703,200102270TOR,9.1,5.0,4th quarter,8:50.0,Bimbo Coles,CLE,True,2-pointer,15,76-86,'TOR',trails
705,705,705,200102270TOR,7.8,6.5,4th quarter,7:09.0,Bimbo Coles,CLE,False,2-pointer,16,76-88,'TOR',trails
710,710,710,200102270TOR,39.3,4.4,4th quarter,4:53.0,Bimbo Coles,CLE,False,2-pointer,15,80-90,'TOR',trails
96,96,96,200103010CLE,33.4,16.8,1st quarter,5:07.0,Bimbo Coles,CLE,False,2-pointer,15,15-8,'SEA',leads
97,97,97,200103010CLE,8.5,15.1,1st quarter,4:21.0,Bimbo Coles,CLE,True,2-pointer,19,17-10,'SEA',leads
98,98,98,200103010CLE,22.2,6.9,1st quarter,3:46.0,Bimbo Coles,CLE,False,2-pointer,3,17-10,'SEA',leads
100,100,100,200103010CLE,33.4,19.1,1st quarter,3:08.0,Bimbo Coles,CLE,False,2-pointer,17,17-12,'SEA',leads
145,145,145,200103010CLE,40.7,7.6,3rd quarter,1:47.0,Bimbo Coles,CLE,True,2-pointer,17,70-65,'SEA',leads
148,148,148,200103010CLE,39.3,14.7,4th quarter,11:48.0,Bimbo Coles,CLE,False,2-pointer,18,72-67,'SEA',leads
1104,1104,1104,200103020ORL,27.2,28.2,1st quarter,0:00.4,Bimbo Coles,CLE,True,2-pointer,23,20-30,'ORL',trails
1147,1147,1147,200103020ORL,38.6,9.5,3rd quarter,3:04.0,Bimbo Coles,CLE,False,2-pointer,15,56-78,'ORL',trails
1149,1149,1149,200103020ORL,11.0,8.8,3rd quarter,2:11.0,Bimbo Coles,CLE,False,2-pointer,14,60-81,'ORL',trails
246,246,246,200103040CLE,41.4,5.0,1st quarter,2:24.0,Bimbo Coles,CLE,False,2-pointer,17,13-17,'MIA',trails
249,249,249,200103040CLE,40.7,2.7,1st quarter,0:37.9,Bimbo Coles,CLE,False,2-pointer,17,15-20,'MIA',trails
286,286,286,200103040CLE,40.7,2.1,4th quarter,11:03.0,Bimbo Coles,CLE,True,2-pointer,17,58-72,'MIA',trails
291,291,291,200103040CLE,25.6,9.7,4th quarter,8:28.0,Bimbo Coles,CLE,False,2-pointer,5,62-74,'MIA',trails
177,177,177,200103060CHI,40.7,12.8,2nd quarter,11:11.0,Bimbo Coles,CLE,False,2-pointer,18,18-31,'CHI',trails
179,179,179,200103060CHI,8.5,9.2,2nd quarter,9:16.0,Bimbo Coles,CLE,True,2-pointer,16,22-36,'CHI',trails
209,209,209,200103060CHI,24.0,5.0,3rd quarter,0:36.9,Bimbo Coles,CLE,False,2-pointer,0,55-70,'CHI',trails
210,210,210,200103060CHI,18.4,13.5,3rd quarter,0:08.9,Bimbo Coles,CLE,False,2-pointer,10,55-72,'CHI',trails
213,213,213,200103060CHI,7.0,6.5,4th quarter,10:24.0,Bimbo Coles,CLE,False,2-pointer,17,57-76,'CHI',trails
233,233,233,200103060CHI,9.1,7.1,4th quarter,0:56.9,Bimbo Coles,CLE,True,2-pointer,15,72-85,'CHI',trails
414,414,414,200103070CLE,31.9,15.8,2nd quarter,9:28.0,Bimbo Coles,CLE,True,2-pointer,13,20-30,'CLE',trails
415,415,415,200103070CLE,36.3,14.7,2nd quarter,8:51.0,Bimbo Coles,CLE,True,2-pointer,16,22-30,'CLE',trails
417,417,417,200103070CLE,39.9,4.4,2nd quarter,7:44.0,Bimbo Coles,CLE,True,2-pointer,16,27-34,'CLE',trails
454,454,454,200103070CLE,32.5,4.4,4th quarter,10:02.0,Bimbo Coles,CLE,False,2-pointer,9,70-67,'CLE',leads
457,457,457,200103070CLE,24.7,6.9,4th quarter,7:49.0,Bimbo Coles,CLE,False,2-pointer,2,72-68,'CLE',leads
458,458,458,200103070CLE,41.2,23.0,4th quarter,6:58.0,Bimbo Coles,CLE,True,3-pointer,25,75-68,'CLE',leads
473,473,473,200103070CLE,12.7,28.0,4th quarter,0:05.9,Bimbo Coles,CLE,False,3-pointer,26,81-86,'CLE',trails
528,528,528,200103090IND,7.8,5.7,2nd quarter,10:45.0,Bimbo Coles,CLE,False,2-pointer,16,27-27,'IND',tied
536,536,536,200103090IND,34.8,5.7,2nd quarter,5:34.0,Bimbo Coles,CLE,True,2-pointer,11,33-36,'IND',trails
568,568,568,200103090IND,23.9,13.7,4th quarter,10:13.0,Bimbo Coles,CLE,False,2-pointer,9,65-79,'IND',trails
572,572,572,200103090IND,10.6,8.6,4th quarter,8:00.0,Bimbo Coles,CLE,False,2-pointer,14,71-81,'IND',trails
575,575,575,200103090IND,24.3,8.6,4th quarter,6:11.0,Bimbo Coles,CLE,False,2-pointer,4,72-87,'IND',trails
250,250,250,200103110CLE,8.5,13.0,2nd quarter,9:50.0,Bimbo Coles,CLE,True,2-pointer,17,39-31,'CLE',leads
252,252,252,200103110CLE,36.9,15.8,2nd quarter,8:34.0,Bimbo Coles,CLE,True,2-pointer,17,41-33,'CLE',leads
301,301,301,200103110CLE,22.8,5.4,4th quarter,5:35.0,Bimbo Coles,CLE,False,2-pointer,1,111-98,'CLE',leads
761,761,761,200103130NYK,9.3,7.3,4th quarter,8:02.0,Bimbo Coles,CLE,False,2-pointer,15,67-86,'NYK',trails
769,769,769,200103130NYK,34.6,5.7,4th quarter,3:13.0,Bimbo Coles,CLE,False,2-pointer,11,75-92,'NYK',trails
420,420,420,200103140CLE,41.4,5.0,2nd quarter,5:29.0,Bimbo Coles,CLE,False,2-pointer,17,42-37,'ORL',leads
443,443,443,200103140CLE,40.7,6.9,3rd quarter,3:26.0,Bimbo Coles,CLE,False,2-pointer,17,61-69,'ORL',trails
447,447,447,200103140CLE,25.6,5.4,3rd quarter,1:02.0,Bimbo Coles,CLE,False,2-pointer,2,65-69,'ORL',trails
453,453,453,200103140CLE,21.3,6.9,4th quarter,9:50.0,Bimbo Coles,CLE,True,2-pointer,3,69-77,'ORL',trails
454,454,454,200103140CLE,25.6,5.9,4th quarter,9:36.0,Bimbo Coles,CLE,False,2-pointer,2,69-77,'ORL',trails
247,247,247,200103160CLE,41.4,4.2,1st quarter,0:50.9,Bimbo Coles,CLE,True,2-pointer,17,20-19,'CHH',leads
249,249,249,200103160CLE,41.4,3.7,1st quarter,0:00.0,Bimbo Coles,CLE,False,2-pointer,17,23-21,'CHH',leads
251,251,251,200103160CLE,21.3,13.5,2nd quarter,11:16.0,Bimbo Coles,CLE,False,2-pointer,9,25-23,'CHH',leads
254,254,254,200103160CLE,22.8,16.6,2nd quarter,10:28.0,Bimbo Coles,CLE,False,2-pointer,12,27-25,'CHH',leads
259,259,259,200103160CLE,33.4,18.7,2nd quarter,7:13.0,Bimbo Coles,CLE,True,2-pointer,17,35-34,'CHH',leads
289,289,289,200103160CLE,24.1,11.6,3rd quarter,3:14.0,Bimbo Coles,CLE,False,2-pointer,7,73-73,'CHH',tied
296,296,296,200103160CLE,41.4,4.2,4th quarter,10:52.0,Bimbo Coles,CLE,False,2-pointer,17,84-84,'CHH',tied
297,297,297,200103160CLE,41.4,3.1,4th quarter,10:24.0,Bimbo Coles,CLE,True,2-pointer,18,86-84,'CHH',leads
298,298,298,200103160CLE,19.8,4.8,4th quarter,9:04.0,Bimbo Coles,CLE,False,2-pointer,4,87-85,'CHH',leads
304,304,304,200103160CLE,24.1,10.5,4th quarter,6:05.0,Bimbo Coles,CLE,False,2-pointer,6,95-91,'CHH',leads
310,310,310,200103160CLE,24.7,7.3,4th quarter,1:32.0,Bimbo Coles,CLE,True,2-pointer,2,107-101,'CHH',leads
312,312,312,200103160CLE,19.8,5.7,4th quarter,0:25.9,Bimbo Coles,CLE,True,2-pointer,4,109-103,'CHH',leads
854,854,854,200103180MIN,17.3,13.2,1st quarter,0:09.9,Bimbo Coles,CLE,False,2-pointer,11,29-23,'MIN',leads
861,861,861,200103180MIN,41.2,12.6,2nd quarter,7:47.0,Bimbo Coles,CLE,True,2-pointer,19,35-37,'MIN',trails
864,864,864,200103180MIN,4.7,7.6,2nd quarter,6:35.0,Bimbo Coles,CLE,False,2-pointer,19,35-39,'MIN',trails
250,250,250,200103200CLE,41.4,4.2,1st quarter,0:36.9,Bimbo Coles,CLE,False,2-pointer,17,9-15,'NYK',trails
255,255,255,200103200CLE,28.3,7.1,2nd quarter,9:37.0,Bimbo Coles,CLE,False,2-pointer,5,13-26,'NYK',trails
291,291,291,200103200CLE,27.0,14.3,3rd quarter,2:02.0,Bimbo Coles,CLE,True,2-pointer,10,43-70,'NYK',trails
294,294,294,200103200CLE,14.8,20.0,3rd quarter,0:06.9,Bimbo Coles,CLE,False,2-pointer,18,47-77,'NYK',trails
303,303,303,200103200CLE,38.4,7.1,4th quarter,6:52.0,Bimbo Coles,CLE,True,2-pointer,15,61-88,'NYK',trails
248,248,248,200103220CLE,39.9,4.8,2nd quarter,11:18.0,Bimbo Coles,CLE,False,2-pointer,16,31-21,'VAN',leads
250,250,250,200103220CLE,41.4,7.8,2nd quarter,10:27.0,Bimbo Coles,CLE,False,2-pointer,18,33-23,'VAN',leads
130,130,130,200103240CLE,26.2,14.9,2nd quarter,0:00.9,Bimbo Coles,CLE,False,2-pointer,10,65-46,'DEN',leads
847,847,847,200103260SEA,10.8,10.3,2nd quarter,8:06.0,Bimbo Coles,CLE,False,2-pointer,14,31-30,'SEA',leads
872,872,872,200103260SEA,41.8,6.9,3rd quarter,1:58.0,Bimbo Coles,CLE,False,2-pointer,18,63-77,'SEA',trails
876,876,876,200103260SEA,8.7,6.5,4th quarter,11:23.0,Bimbo Coles,CLE,True,2-pointer,15,69-80,'SEA',trails
879,879,879,200103260SEA,42.4,6.5,4th quarter,9:15.0,Bimbo Coles,CLE,False,2-pointer,18,71-84,'SEA',trails
284,284,284,200104070CLE,32.5,11.6,2nd quarter,11:45.0,Bimbo Coles,CLE,True,2-pointer,11,30-19,'PHO',leads
287,287,287,200104070CLE,20.7,6.3,2nd quarter,10:09.0,Bimbo Coles,CLE,False,2-pointer,4,34-21,'PHO',leads
302,302,302,200104070CLE,40.7,5.7,2nd quarter,0:01.9,Bimbo Coles,CLE,False,2-pointer,17,54-46,'PHO',leads
318,318,318,200104070CLE,34.0,12.8,3rd quarter,1:17.0,Bimbo Coles,CLE,True,2-pointer,13,70-75,'PHO',trails
124,124,124,200104100CLE,24.1,5.4,2nd quarter,10:13.0,Bimbo Coles,CLE,True,2-pointer,0,41-19,'ORL',leads
131,131,131,200104100CLE,41.4,3.7,2nd quarter,6:24.0,Bimbo Coles,CLE,True,2-pointer,17,48-23,'ORL',leads
135,135,135,200104100CLE,27.0,6.5,2nd quarter,4:43.0,Bimbo Coles,CLE,True,2-pointer,3,57-26,'ORL',leads
137,137,137,200104100CLE,19.2,19.8,2nd quarter,2:55.0,Bimbo Coles,CLE,True,2-pointer,16,63-30,'ORL',leads
138,138,138,200104100CLE,36.3,16.4,2nd quarter,2:21.0,Bimbo Coles,CLE,False,2-pointer,17,63-30,'ORL',leads
158,158,158,200104100CLE,29.1,6.9,3rd quarter,0:45.9,Bimbo Coles,CLE,False,2-pointer,5,81-59,'ORL',leads
55,55,55,200104110ATL,8.7,24.4,3rd quarter,0:55.0,Bimbo Coles,CLE,False,3-pointer,25,82-77,'CLE',leads
57,57,57,200104110ATL,33.1,5.0,3rd quarter,0:00.2,Bimbo Coles,CLE,False,2-pointer,9,82-80,'CLE',leads
64,64,64,200104110ATL,22.8,12.8,4th quarter,6:59.0,Bimbo Coles,CLE,False,2-pointer,8,88-95,'CLE',trails
868,868,868,200104130NJN,19.8,12.0,2nd quarter,9:53.0,Bimbo Coles,CLE,False,2-pointer,8,27-30,'NJN',trails
906,906,906,200104130NJN,11.2,18.5,4th quarter,8:22.0,Bimbo Coles,CLE,False,2-pointer,19,73-74,'NJN',trails
907,907,907,200104130NJN,33.4,19.8,4th quarter,7:46.0,Bimbo Coles,CLE,True,2-pointer,18,77-76,'NJN',leads
1495,1495,1495,200104150WAS,38.6,17.9,1st quarter,3:18.0,Bimbo Coles,CLE,True,2-pointer,19,22-17,'WAS',leads
1496,1496,1496,200104150WAS,13.9,22.3,1st quarter,2:58.0,Bimbo Coles,CLE,False,2-pointer,20,22-19,'WAS',leads
1499,1499,1499,200104150WAS,42.2,6.9,1st quarter,1:43.0,Bimbo Coles,CLE,False,2-pointer,18,24-22,'WAS',leads
102,102,102,200110300CLE,10.8,18.3,1st quarter,0:03.0,Bimbo Coles,CLE,False,2-pointer,19,19-33,'BOS',trails
107,107,107,200110300CLE,46.0,3.5,2nd quarter,8:50.0,Bimbo Coles,CLE,False,2-pointer,22,23-44,'BOS',trails
148,148,148,200110300CLE,32.7,14.1,4th quarter,9:08.0,Bimbo Coles,CLE,True,2-pointer,13,69-98,'BOS',trails
149,149,149,200110300CLE,29.8,5.4,4th quarter,8:21.0,Bimbo Coles,CLE,True,2-pointer,6,71-98,'BOS',trails
193,193,193,200110310CHH,39.3,9.7,2nd quarter,7:37.0,Bimbo Coles,CLE,True,2-pointer,16,35-20,'CHH',leads
231,231,231,200110310CHH,39.9,9.7,4th quarter,8:07.0,Bimbo Coles,CLE,False,2-pointer,17,79-77,'CHH',leads
232,232,232,200110310CHH,24.0,5.0,4th quarter,7:35.0,Bimbo Coles,CLE,False,2-pointer,0,79-77,'CHH',leads
456,456,456,200111030CLE,25.1,6.5,4th quarter,6:51.0,Bimbo Coles,CLE,False,2-pointer,2,57-83,'ORL',trails
463,463,463,200111030CLE,10.8,8.8,4th quarter,3:32.0,Bimbo Coles,CLE,True,2-pointer,14,63-92,'ORL',trails
466,466,466,200111030CLE,13.7,17.5,4th quarter,1:51.0,Bimbo Coles,CLE,True,2-pointer,16,67-94,'ORL',trails
469,469,469,200111030CLE,30.2,8.2,4th quarter,0:32.5,Bimbo Coles,CLE,False,2-pointer,7,69-99,'ORL',trails
121,121,121,200111060CLE,23.6,17.7,2nd quarter,7:45.0,Bimbo Coles,CLE,True,2-pointer,13,28-40,'SAC',trails
164,164,164,200111060CLE,15.4,15.4,4th quarter,5:50.0,Bimbo Coles,CLE,True,2-pointer,14,86-94,'SAC',trails
169,169,169,200111060CLE,39.3,4.6,4th quarter,1:54.0,Bimbo Coles,CLE,False,2-pointer,15,93-107,'SAC',trails
656,656,656,200111070NYK,15.2,6.9,2nd quarter,10:22.0,Bimbo Coles,CLE,False,2-pointer,9,16-23,'NYK',trails
705,705,705,200111070NYK,35.3,2.7,4th quarter,6:54.0,Bimbo Coles,CLE,True,2-pointer,12,56-71,'NYK',trails
707,707,707,200111070NYK,26.2,9.0,4th quarter,5:23.0,Bimbo Coles,CLE,False,2-pointer,5,58-74,'NYK',trails
710,710,710,200111070NYK,41.2,12.4,4th quarter,4:13.0,Bimbo Coles,CLE,False,2-pointer,19,61-74,'NYK',trails
982,982,982,200111100NJN,22.2,17.2,2nd quarter,7:24.0,Bimbo Coles,CLE,False,2-pointer,12,26-35,'NJN',trails
487,487,487,200111130MIN,42.2,2.7,1st quarter,0:42.3,Bimbo Coles,CLE,True,2-pointer,18,20-22,'MIN',trails
493,493,493,200111130MIN,24.0,5.0,2nd quarter,8:36.0,Bimbo Coles,CLE,True,2-pointer,0,32-29,'MIN',leads
497,497,497,200111130MIN,31.5,25.5,2nd quarter,5:52.0,Bimbo Coles,CLE,False,2-pointer,22,34-30,'MIN',leads
531,531,531,200111130MIN,18.6,9.7,4th quarter,10:19.0,Bimbo Coles,CLE,False,2-pointer,7,75-75,'MIN',tied
532,532,532,200111130MIN,34.4,28.2,4th quarter,9:49.0,Bimbo Coles,CLE,False,3-pointer,25,75-75,'MIN',tied
433,433,433,200111140CLE,39.3,3.9,2nd quarter,10:22.0,Bimbo Coles,CLE,False,2-pointer,15,26-30,'DAL',trails
445,445,445,200111140CLE,6.8,3.5,2nd quarter,3:29.0,Bimbo Coles,CLE,False,2-pointer,17,42-46,'DAL',trails
449,449,449,200111140CLE,24.1,5.0,2nd quarter,0:43.0,Bimbo Coles,CLE,False,2-pointer,0,51-54,'DAL',trails
1140,1140,1140,200111160SAS,5.7,22.3,2nd quarter,9:17.0,Bimbo Coles,CLE,True,3-pointer,25,27-36,'SAS',trails
1142,1142,1142,200111160SAS,38.8,12.6,2nd quarter,8:37.0,Bimbo Coles,CLE,False,2-pointer,17,27-38,'SAS',trails
1143,1143,1143,200111160SAS,33.8,15.8,2nd quarter,8:30.0,Bimbo Coles,CLE,False,2-pointer,15,27-38,'SAS',trails
1146,1146,1146,200111160SAS,36.7,20.2,2nd quarter,6:13.0,Bimbo Coles,CLE,False,2-pointer,20,29-42,'SAS',trails
1179,1179,1179,200111160SAS,34.6,28.0,3rd quarter,0:25.5,Bimbo Coles,CLE,False,3-pointer,25,69-71,'SAS',trails
1184,1184,1184,200111160SAS,27.9,8.6,4th quarter,8:49.0,Bimbo Coles,CLE,False,2-pointer,5,73-81,'SAS',trails
1187,1187,1187,200111160SAS,8.7,5.4,4th quarter,7:39.0,Bimbo Coles,CLE,True,2-pointer,15,75-86,'SAS',trails
807,807,807,200111170MEM,23.4,20.4,2nd quarter,9:58.0,Bimbo Coles,CLE,True,2-pointer,15,29-26,'MEM',leads
810,810,810,200111170MEM,24.0,5.0,2nd quarter,7:47.0,Bimbo Coles,CLE,True,2-pointer,0,34-28,'MEM',leads
811,811,811,200111170MEM,3.6,10.7,2nd quarter,6:16.0,Bimbo Coles,CLE,True,2-pointer,21,37-30,'MEM',leads
814,814,814,200111170MEM,5.7,7.8,2nd quarter,4:25.0,Bimbo Coles,CLE,True,2-pointer,19,43-35,'MEM',leads
816,816,816,200111170MEM,24.0,20.4,2nd quarter,3:20.0,Bimbo Coles,CLE,False,2-pointer,15,46-39,'MEM',leads
416,416,416,200111210CLE,24.1,15.1,1st quarter,0:41.7,Bimbo Coles,CLE,False,2-pointer,10,28-25,'CLE',leads
457,457,457,200111210CLE,31.3,5.0,4th quarter,11:37.0,Bimbo Coles,CLE,False,2-pointer,7,82-67,'CLE',leads
1150,1150,1150,200111230PHI,31.9,20.0,1st quarter,1:30.0,Bimbo Coles,CLE,True,2-pointer,17,15-13,'CLE',leads
1154,1154,1154,200111230PHI,28.9,15.8,2nd quarter,10:35.0,Bimbo Coles,CLE,False,2-pointer,12,19-19,'CLE',tied
93,93,93,200111240CLE,25.6,5.9,1st quarter,0:09.6,Bimbo Coles,CLE,False,2-pointer,2,26-25,'MIA',leads
96,96,96,200111240CLE,24.1,11.1,2nd quarter,11:43.0,Bimbo Coles,CLE,False,2-pointer,6,26-25,'MIA',leads
100,100,100,200111240CLE,26.2,7.1,2nd quarter,9:42.0,Bimbo Coles,CLE,False,2-pointer,3,29-32,'MIA',trails
119,119,119,200111270CLE,14.6,17.9,2nd quarter,10:28.0,Bimbo Coles,CLE,True,2-pointer,16,34-20,'CLE',leads
126,126,126,200111270CLE,40.3,3.1,2nd quarter,5:15.0,Bimbo Coles,CLE,False,2-pointer,16,44-32,'CLE',leads
158,158,158,200111270CLE,22.4,6.5,4th quarter,7:21.0,Bimbo Coles,CLE,True,2-pointer,2,77-61,'CLE',leads
159,159,159,200111270CLE,35.3,17.5,4th quarter,6:49.0,Bimbo Coles,CLE,True,2-pointer,17,79-61,'CLE',leads
248,248,248,200111290CLE,35.3,17.7,2nd quarter,8:27.0,Bimbo Coles,CLE,True,2-pointer,17,47-36,'CLE',leads
249,249,249,200111290CLE,7.2,18.7,2nd quarter,6:32.0,Bimbo Coles,CLE,False,2-pointer,22,51-42,'CLE',leads
282,282,282,200111290CLE,36.7,4.6,4th quarter,9:30.0,Bimbo Coles,CLE,True,2-pointer,13,81-82,'CLE',trails
455,455,455,200112010CLE,7.2,8.8,2nd quarter,7:57.0,Bimbo Coles,CLE,False,2-pointer,17,22-23,'CHH',trails
267,267,267,200112040CLE,7.4,3.5,2nd quarter,9:15.0,Bimbo Coles,CLE,True,2-pointer,17,38-37,'DET',leads
291,291,291,200112040CLE,0.9,2.9,3rd quarter,3:10.0,Bimbo Coles,CLE,True,3-pointer,23,71-67,'DET',leads
293,293,293,200112040CLE,24.1,17.7,3rd quarter,2:11.0,Bimbo Coles,CLE,False,2-pointer,13,74-67,'DET',leads
295,295,295,200112040CLE,34.2,5.4,3rd quarter,0:00.0,Bimbo Coles,CLE,False,2-pointer,10,77-70,'DET',leads
684,684,684,200112070NJN,39.9,11.8,2nd quarter,7:18.0,Bimbo Coles,CLE,False,2-pointer,17,26-26,'NJN',tied
688,688,688,200112070NJN,6.6,5.7,2nd quarter,4:02.0,Bimbo Coles,CLE,True,2-pointer,17,34-32,'NJN',leads
723,723,723,200112070NJN,24.0,5.0,4th quarter,6:47.0,Bimbo Coles,CLE,True,2-pointer,0,75-81,'NJN',trails
430,430,430,200112080CLE,40.9,15.4,1st quarter,1:18.0,Bimbo Coles,CLE,False,2-pointer,20,23-23,'DEN',tied
448,448,448,200112080CLE,11.6,26.9,2nd quarter,4:35.0,Bimbo Coles,CLE,True,3-pointer,25,45-35,'DEN',leads
481,481,481,200112080CLE,42.4,6.1,4th quarter,8:59.0,Bimbo Coles,CLE,False,2-pointer,18,95-78,'DEN',leads
484,484,484,200112080CLE,24.3,4.6,4th quarter,7:30.0,Bimbo Coles,CLE,False,2-pointer,1,95-81,'DEN',leads
697,697,697,200112110HOU,10.6,25.9,2nd quarter,6:30.0,Bimbo Coles,CLE,True,3-pointer,25,48-31,'HOU',leads
729,729,729,200112110HOU,23.9,14.1,4th quarter,6:53.0,Bimbo Coles,CLE,True,2-pointer,9,87-83,'HOU',leads
733,733,733,200112110HOU,24.0,5.0,4th quarter,3:21.0,Bimbo Coles,CLE,True,2-pointer,0,94-89,'HOU',leads
739,739,739,200112110HOU,24.0,5.0,4th quarter,0:17.9,Bimbo Coles,CLE,True,2-pointer,0,104-97,'HOU',leads
169,169,169,200112130DAL,24.0,5.0,1st quarter,10:51.0,Bimbo Coles,CLE,True,2-pointer,0,2-2,'DAL',tied
172,172,172,200112130DAL,32.3,22.7,1st quarter,9:25.0,Bimbo Coles,CLE,True,2-pointer,20,8-2,'DAL',leads
176,176,176,200112130DAL,24.0,5.0,1st quarter,6:43.0,Bimbo Coles,CLE,True,2-pointer,0,12-6,'DAL',leads
182,182,182,200112130DAL,24.0,5.0,1st quarter,3:00.0,Bimbo Coles,CLE,False,2-pointer,0,18-13,'DAL',leads
187,187,187,200112130DAL,33.8,18.3,1st quarter,0:17.2,Bimbo Coles,CLE,True,2-pointer,17,22-19,'DAL',leads
189,189,189,200112130DAL,5.3,6.1,2nd quarter,11:17.0,Bimbo Coles,CLE,True,2-pointer,19,24-24,'DAL',tied
198,198,198,200112130DAL,7.4,6.1,2nd quarter,2:26.0,Bimbo Coles,CLE,False,2-pointer,17,38-46,'DAL',trails
205,205,205,200112130DAL,13.1,27.2,3rd quarter,11:27.0,Bimbo Coles,CLE,False,3-pointer,25,40-52,'DAL',trails
421,421,421,200112180CLE,9.1,10.1,2nd quarter,6:09.0,Bimbo Coles,CLE,True,2-pointer,16,51-30,'CLE',leads
422,422,422,200112180CLE,14.2,29.3,2nd quarter,5:20.0,Bimbo Coles,CLE,False,3-pointer,26,51-32,'CLE',leads
444,444,444,200112180CLE,22.8,9.0,3rd quarter,4:37.0,Bimbo Coles,CLE,False,2-pointer,4,66-62,'CLE',leads
448,448,448,200112180CLE,36.3,4.6,3rd quarter,3:04.0,Bimbo Coles,CLE,False,2-pointer,12,72-66,'CLE',leads
450,450,450,200112180CLE,24.7,10.7,3rd quarter,2:03.0,Bimbo Coles,CLE,False,2-pointer,6,72-69,'CLE',leads
452,452,452,200112180CLE,15.6,29.3,3rd quarter,0:44.1,Bimbo Coles,CLE,False,3-pointer,26,74-69,'CLE',leads
25,25,25,200112190BOS,4.7,6.3,2nd quarter,9:30.0,Bimbo Coles,CLE,False,2-pointer,19,15-25,'BOS',trails
460,460,460,200112220CLE,24.3,13.7,4th quarter,10:08.0,Bimbo Coles,CLE,True,2-pointer,9,80-87,'IND',trails
255,255,255,200112260CLE,35.3,18.5,1st quarter,1:28.0,Bimbo Coles,CLE,False,2-pointer,18,17-22,'NJN',trails
258,258,258,200112260CLE,36.1,5.0,1st quarter,0:05.4,Bimbo Coles,CLE,False,2-pointer,12,19-29,'NJN',trails
302,302,302,200112260CLE,19.4,16.8,4th quarter,11:37.0,Bimbo Coles,CLE,True,2-pointer,13,63-72,'NJN',trails
305,305,305,200112260CLE,22.4,6.5,4th quarter,9:01.0,Bimbo Coles,CLE,False,2-pointer,2,65-76,'NJN',trails
287,287,287,200112280CLE,23.0,7.8,2nd quarter,8:33.0,Bimbo Coles,CLE,False,2-pointer,3,18-32,'NYK',trails
324,324,324,200112280CLE,9.3,5.4,4th quarter,9:52.0,Bimbo Coles,CLE,False,2-pointer,15,69-68,'NYK',leads
16,16,16,200112290CHI,6.4,14.3,1st quarter,0:19.9,Bimbo Coles,CLE,False,2-pointer,20,19-19,'CHI',tied
44,44,44,200112290CHI,28.7,14.3,3rd quarter,6:28.0,Bimbo Coles,CLE,False,2-pointer,10,46-69,'CHI',trails
53,53,53,200112290CHI,24.0,5.0,3rd quarter,1:31.0,Bimbo Coles,CLE,True,2-pointer,0,55-78,'CHI',trails
56,56,56,200112290CHI,39.9,5.0,3rd quarter,0:00.0,Bimbo Coles,CLE,False,2-pointer,16,57-80,'CHI',trails
68,68,68,200112290CHI,42.0,4.2,4th quarter,6:38.0,Bimbo Coles,CLE,False,2-pointer,18,70-88,'CHI',trails
71,71,71,200112290CHI,42.0,8.6,4th quarter,4:20.0,Bimbo Coles,CLE,False,2-pointer,18,74-93,'CHI',trails
73,73,73,200112290CHI,7.2,8.6,4th quarter,2:51.0,Bimbo Coles,CLE,True,2-pointer,17,76-97,'CHI',trails
428,428,428,200201020CLE,23.0,6.7,2nd quarter,8:05.0,Bimbo Coles,CLE,False,2-pointer,2,35-26,'CLE',leads
469,469,469,200201020CLE,37.4,15.4,4th quarter,11:29.0,Bimbo Coles,CLE,False,2-pointer,17,88-78,'CLE',leads
473,473,473,200201020CLE,24.3,18.7,4th quarter,8:03.0,Bimbo Coles,CLE,False,2-pointer,14,92-78,'CLE',leads
474,474,474,200201020CLE,23.9,8.4,4th quarter,7:58.0,Bimbo Coles,CLE,False,2-pointer,3,92-78,'CLE',leads
1352,1352,1352,200201040TOR,34.8,17.9,2nd quarter,7:30.0,Bimbo Coles,CLE,False,2-pointer,17,32-39,'TOR',trails
1383,1383,1383,200201040TOR,38.4,4.6,4th quarter,7:27.0,Bimbo Coles,CLE,True,2-pointer,14,73-87,'TOR',trails
658,658,658,200201050DET,39.9,6.1,2nd quarter,5:04.0,Bimbo Coles,CLE,True,2-pointer,16,38-31,'DET',leads
684,684,684,200201050DET,44.1,24.4,4th quarter,10:10.0,Bimbo Coles,CLE,False,3-pointer,28,69-79,'DET',trails
686,686,686,200201050DET,40.7,5.4,4th quarter,8:51.0,Bimbo Coles,CLE,True,2-pointer,17,73-80,'DET',trails
690,690,690,200201050DET,39.9,5.4,4th quarter,4:49.0,Bimbo Coles,CLE,False,2-pointer,16,82-90,'DET',trails
425,425,425,200201070CLE,9.5,7.6,1st quarter,1:44.0,Bimbo Coles,CLE,True,2-pointer,15,12-21,'POR',trails
475,475,475,200201070CLE,47.5,3.5,4th quarter,8:02.0,Bimbo Coles,CLE,False,3-pointer,24,56-84,'POR',trails
478,478,478,200201070CLE,37.8,13.7,4th quarter,5:39.0,Bimbo Coles,CLE,False,2-pointer,16,61-90,'POR',trails
479,479,479,200201070CLE,13.9,19.4,4th quarter,5:09.0,Bimbo Coles,CLE,True,2-pointer,18,63-90,'POR',trails
480,480,480,200201070CLE,0.9,2.3,4th quarter,4:31.0,Bimbo Coles,CLE,False,3-pointer,23,63-92,'POR',trails
200,200,200,200201100DEN,24.0,5.0,2nd quarter,3:47.0,Bimbo Coles,CLE,True,2-pointer,0,40-40,'DEN',tied
202,202,202,200201100DEN,40.9,5.0,2nd quarter,2:36.0,Bimbo Coles,CLE,True,2-pointer,17,43-44,'DEN',trails
207,207,207,200201100DEN,24.0,5.0,2nd quarter,1:09.0,Bimbo Coles,CLE,True,2-pointer,0,45-46,'DEN',trails
229,229,229,200201100DEN,24.0,5.0,3rd quarter,0:02.1,Bimbo Coles,CLE,False,2-pointer,0,71-72,'DEN',trails
236,236,236,200201100DEN,41.8,4.6,4th quarter,7:45.0,Bimbo Coles,CLE,True,2-pointer,18,81-83,'DEN',trails
248,248,248,200201100DEN,34.6,10.5,4th quarter,0:12.9,Bimbo Coles,CLE,False,2-pointer,12,91-96,'DEN',trails
1169,1169,1169,200201110SEA,38.2,6.3,2nd quarter,8:28.0,Bimbo Coles,CLE,False,2-pointer,14,26-43,'SEA',trails
55,55,55,200201130POR,41.8,21.3,3rd quarter,0:01.9,Bimbo Coles,CLE,False,3-pointer,24,47-73,'POR',trails
64,64,64,200201130POR,17.7,24.8,4th quarter,6:12.0,Bimbo Coles,CLE,False,2-pointer,21,51-84,'POR',trails
1060,1060,1060,200201150SAC,1.5,15.6,3rd quarter,2:42.0,Bimbo Coles,CLE,False,3-pointer,25,71-65,'SAC',leads
327,327,327,200201160GSW,22.2,7.6,1st quarter,2:43.0,Bimbo Coles,CLE,False,2-pointer,3,13-22,'GSW',trails
365,365,365,200201160GSW,9.5,25.9,3rd quarter,1:26.0,Bimbo Coles,CLE,False,3-pointer,25,63-84,'GSW',trails
373,373,373,200201160GSW,24.0,5.0,4th quarter,6:28.0,Bimbo Coles,CLE,True,2-pointer,0,78-99,'GSW',trails
598,598,598,200201210CLE,26.4,26.5,3rd quarter,0:01.2,Bimbo Coles,CLE,True,2-pointer,22,64-68,'MIA',trails
602,602,602,200201210CLE,27.2,10.5,4th quarter,8:56.0,Bimbo Coles,CLE,False,2-pointer,6,68-72,'MIA',trails
1158,1158,1158,200201240WAS,23.9,21.0,1st quarter,1:39.0,Bimbo Coles,CLE,False,2-pointer,16,24-21,'WAS',leads
1159,1159,1159,200201240WAS,5.1,2.1,1st quarter,1:03.0,Bimbo Coles,CLE,True,2-pointer,19,26-21,'WAS',leads
1160,1160,1160,200201240WAS,24.3,20.0,1st quarter,0:25.4,Bimbo Coles,CLE,False,2-pointer,15,26-23,'WAS',leads
1199,1199,1199,200201240WAS,7.8,12.0,4th quarter,11:03.0,Bimbo Coles,CLE,False,2-pointer,18,67-79,'WAS',trails
1200,1200,1200,200201240WAS,42.4,3.1,4th quarter,10:22.0,Bimbo Coles,CLE,False,2-pointer,19,67-81,'WAS',trails
458,458,458,200201260CLE,33.4,5.0,3rd quarter,0:54.0,Bimbo Coles,CLE,True,2-pointer,9,77-75,'BOS',leads
460,460,460,200201260CLE,33.4,3.5,3rd quarter,0:22.0,Bimbo Coles,CLE,False,2-pointer,10,77-75,'BOS',leads
98,98,98,200201310CLE,24.1,18.3,2nd quarter,9:57.0,Bimbo Coles,CLE,True,2-pointer,13,25-31,'CLE',trails
99,99,99,200201310CLE,21.3,7.1,2nd quarter,9:08.0,Bimbo Coles,CLE,False,2-pointer,3,25-33,'CLE',trails
105,105,105,200201310CLE,16.3,20.0,2nd quarter,7:03.0,Bimbo Coles,CLE,False,2-pointer,17,29-37,'CLE',trails
251,251,251,200202020CLE,25.6,13.2,2nd quarter,11:26.0,Bimbo Coles,CLE,False,2-pointer,8,17-23,'DET',trails
256,256,256,200202020CLE,25.6,5.7,2nd quarter,9:37.0,Bimbo Coles,CLE,True,2-pointer,2,21-26,'DET',trails
277,277,277,200202060CLE,13.7,18.7,2nd quarter,3:57.0,Bimbo Coles,CLE,False,2-pointer,17,42-37,'HOU',leads
315,315,315,200210290SAC,10.7,12.2,1st quarter,11:18.0,Bimbo Coles,CLE,False,2-pointer,15,0-0,'SAC',tied
326,326,326,200210290SAC,36.8,17.0,1st quarter,6:25.0,Bimbo Coles,CLE,False,2-pointer,18,10-6,'SAC',leads
340,340,340,200210290SAC,8.4,17.0,2nd quarter,6:08.0,Bimbo Coles,CLE,False,2-pointer,20,25-35,'SAC',trails
350,350,350,200210290SAC,24.8,17.3,2nd quarter,0:15.8,Bimbo Coles,CLE,False,2-pointer,12,31-44,'SAC',trails
369,369,369,200210290SAC,24.3,22.3,3rd quarter,1:38.0,Bimbo Coles,CLE,False,2-pointer,17,40-64,'SAC',trails
370,370,370,200210290SAC,18.9,21.8,3rd quarter,1:12.0,Bimbo Coles,CLE,True,2-pointer,18,42-64,'SAC',trails
372,372,372,200210290SAC,0.7,5.3,3rd quarter,0:12.8,Bimbo Coles,CLE,False,3-pointer,23,42-66,'SAC',trails
375,375,375,200210290SAC,8.6,25.2,4th quarter,10:18.0,Bimbo Coles,CLE,True,3-pointer,25,47-70,'SAC',trails
382,382,382,200210290SAC,20.9,18.0,4th quarter,6:25.0,Bimbo Coles,CLE,False,2-pointer,13,53-74,'SAC',trails
641,641,641,200210300LAC,13.5,19.1,1st quarter,11:42.0,Bimbo Coles,CLE,False,2-pointer,18,0-0,'CLE',tied
644,644,644,200210300LAC,7.2,16.4,1st quarter,9:25.0,Bimbo Coles,CLE,False,2-pointer,20,2-2,'CLE',tied
647,647,647,200210300LAC,4.9,2.6,1st quarter,7:43.0,Bimbo Coles,CLE,True,2-pointer,19,5-7,'CLE',trails
649,649,649,200210300LAC,27.9,12.7,1st quarter,6:02.0,Bimbo Coles,CLE,True,2-pointer,9,9-11,'CLE',trails
679,679,679,200210300LAC,27.6,14.5,2nd quarter,3:37.0,Bimbo Coles,CLE,True,2-pointer,10,37-41,'CLE',trails
689,689,689,200210300LAC,20.1,9.5,3rd quarter,10:04.0,Bimbo Coles,CLE,False,2-pointer,6,51-52,'CLE',trails
690,690,690,200210300LAC,24.0,5.0,3rd quarter,9:14.0,Bimbo Coles,CLE,False,2-pointer,0,53-54,'CLE',trails
694,694,694,200210300LAC,37.0,5.8,3rd quarter,7:17.0,Bimbo Coles,CLE,False,2-pointer,13,59-62,'CLE',trails
698,698,698,200210300LAC,20.4,9.1,3rd quarter,5:52.0,Bimbo Coles,CLE,False,2-pointer,5,63-64,'CLE',trails
1277,1277,1277,200211010PHO,13.8,19.5,2nd quarter,8:12.0,Bimbo Coles,CLE,False,2-pointer,18,30-27,'PHO',leads
1317,1317,1317,200211010PHO,26.6,11.4,4th quarter,8:06.0,Bimbo Coles,CLE,False,2-pointer,7,62-61,'PHO',leads
1326,1326,1326,200211010PHO,17.3,27.2,4th quarter,0:29.9,Bimbo Coles,CLE,True,2-pointer,23,72-75,'PHO',trails
96,96,96,200211050CLE,35.5,28.7,1st quarter,0:03.9,Bimbo Coles,CLE,True,3-pointer,26,17-17,'LAL',tied
101,101,101,200211050CLE,16.5,17.7,2nd quarter,8:56.0,Bimbo Coles,CLE,False,2-pointer,15,21-23,'LAL',trails
139,139,139,200211050CLE,10.9,26.0,4th quarter,11:03.0,Bimbo Coles,CLE,True,3-pointer,25,73-60,'LAL',leads
145,145,145,200211050CLE,37.1,31.0,4th quarter,7:29.0,Bimbo Coles,CLE,False,3-pointer,29,78-62,'LAL',leads
148,148,148,200211050CLE,47.3,2.2,4th quarter,6:02.0,Bimbo Coles,CLE,False,3-pointer,23,81-64,'LAL',leads
1438,1438,1438,200211060WAS,10.2,9.8,1st quarter,4:50.0,Bimbo Coles,CLE,True,2-pointer,15,5-19,'WAS',trails
1445,1445,1445,200211060WAS,7.9,13.2,1st quarter,1:27.0,Bimbo Coles,CLE,False,2-pointer,18,11-28,'WAS',trails
1452,1452,1452,200211060WAS,24.5,5.2,2nd quarter,8:42.0,Bimbo Coles,CLE,False,2-pointer,1,21-34,'WAS',trails
1468,1468,1468,200211060WAS,24.1,5.8,2nd quarter,2:43.0,Bimbo Coles,CLE,True,2-pointer,1,39-44,'WAS',trails
1473,1473,1473,200211060WAS,5.8,21.1,2nd quarter,0:13.8,Bimbo Coles,CLE,False,3-pointer,24,41-46,'WAS',trails
1492,1492,1492,200211060WAS,7.1,1.9,3rd quarter,0:27.8,Bimbo Coles,CLE,True,2-pointer,17,64-73,'WAS',trails
1494,1494,1494,200211060WAS,41.2,1.4,4th quarter,11:38.0,Bimbo Coles,CLE,False,2-pointer,18,66-73,'WAS',trails
1495,1495,1495,200211060WAS,11.7,27.7,4th quarter,10:29.0,Bimbo Coles,CLE,False,3-pointer,26,66-77,'WAS',trails
276,276,276,200211090CLE,21.4,8.6,2nd quarter,10:38.0,Bimbo Coles,CLE,False,2-pointer,4,17-18,'CLE',trails
284,284,284,200211090CLE,34.2,27.4,2nd quarter,4:56.0,Bimbo Coles,CLE,True,3-pointer,25,32-35,'CLE',trails
286,286,286,200211090CLE,8.2,12.1,2nd quarter,3:44.0,Bimbo Coles,CLE,True,2-pointer,17,36-35,'CLE',leads
287,287,287,200211090CLE,24.5,6.3,2nd quarter,3:03.0,Bimbo Coles,CLE,False,2-pointer,1,36-35,'CLE',leads
300,300,300,200211090CLE,14.1,28.7,3rd quarter,6:46.0,Bimbo Coles,CLE,False,3-pointer,26,47-51,'CLE',trails
301,301,301,200211090CLE,28.4,14.9,3rd quarter,6:36.0,Bimbo Coles,CLE,False,2-pointer,11,47-51,'CLE',trails
306,306,306,200211090CLE,23.2,6.2,3rd quarter,4:07.0,Bimbo Coles,CLE,False,2-pointer,1,49-59,'CLE',trails
322,322,322,200211090CLE,38.3,2.6,4th quarter,5:29.0,Bimbo Coles,CLE,False,2-pointer,15,66-79,'CLE',trails
331,331,331,200211090CLE,13.8,17.8,4th quarter,1:22.0,Bimbo Coles,CLE,False,2-pointer,16,79-87,'CLE',trails
303,303,303,200211120IND,24.1,13.6,1st quarter,5:41.0,Bimbo Coles,CLE,False,2-pointer,9,8-13,'IND',trails
307,307,307,200211120IND,7.2,14.1,1st quarter,4:17.0,Bimbo Coles,CLE,False,2-pointer,19,10-16,'IND',trails
311,311,311,200211120IND,17.8,6.7,1st quarter,2:13.0,Bimbo Coles,CLE,True,2-pointer,6,12-20,'IND',trails
325,325,325,200211120IND,30.6,17.2,2nd quarter,4:13.0,Bimbo Coles,CLE,False,2-pointer,14,31-37,'IND',trails
327,327,327,200211120IND,23.7,4.7,2nd quarter,3:25.0,Bimbo Coles,CLE,False,2-pointer,0,33-37,'IND',trails
328,328,328,200211120IND,24.1,5.2,2nd quarter,3:24.0,Bimbo Coles,CLE,False,2-pointer,0,33-37,'IND',trails
331,331,331,200211120IND,32.4,28.3,2nd quarter,0:38.1,Bimbo Coles,CLE,False,3-pointer,25,34-48,'IND',trails
353,353,353,200211120IND,23.8,8.8,3rd quarter,0:37.9,Bimbo Coles,CLE,False,2-pointer,4,47-67,'IND',trails
230,230,230,200211130CLE,38.1,27.2,1st quarter,10:58.0,Bimbo Coles,CLE,False,3-pointer,26,2-2,'DAL',tied
231,231,231,200211130CLE,39.1,2.7,1st quarter,10:06.0,Bimbo Coles,CLE,False,2-pointer,15,2-2,'DAL',tied
243,243,243,200211130CLE,35.2,4.4,1st quarter,3:25.0,Bimbo Coles,CLE,False,2-pointer,11,21-10,'DAL',leads
260,260,260,200211130CLE,11.7,4.5,2nd quarter,5:48.0,Bimbo Coles,CLE,False,2-pointer,12,44-38,'DAL',leads
271,271,271,200211130CLE,36.1,26.2,2nd quarter,0:08.9,Bimbo Coles,CLE,False,3-pointer,24,52-48,'DAL',leads
289,289,289,200211130CLE,20.9,6.7,3rd quarter,2:17.0,Bimbo Coles,CLE,False,2-pointer,4,71-60,'DAL',leads
295,295,295,200211130CLE,9.9,1.1,4th quarter,10:53.0,Bimbo Coles,CLE,False,2-pointer,15,73-72,'DAL',leads
415,415,415,200211160CLE,46.8,2.4,1st quarter,4:45.0,Bimbo Coles,CLE,True,3-pointer,23,11-15,'SAS',trails
418,418,418,200211160CLE,16.0,20.8,1st quarter,3:13.0,Bimbo Coles,CLE,False,2-pointer,18,11-18,'SAS',trails
421,421,421,200211160CLE,30.9,22.4,1st quarter,1:39.0,Bimbo Coles,CLE,False,2-pointer,19,14-18,'SAS',trails
647,647,647,200211180SAS,10.9,18.3,1st quarter,7:24.0,Bimbo Coles,CLE,True,2-pointer,19,10-7,'SAS',leads
651,651,651,200211180SAS,22.0,9.1,1st quarter,4:45.0,Bimbo Coles,CLE,False,2-pointer,5,14-9,'SAS',leads
653,653,653,200211180SAS,12.2,4.7,1st quarter,3:47.0,Bimbo Coles,CLE,True,2-pointer,12,20-14,'SAS',leads
658,658,658,200211180SAS,8.7,7.6,2nd quarter,10:41.0,Bimbo Coles,CLE,True,2-pointer,16,26-25,'SAS',leads
663,663,663,200211180SAS,20.2,10.1,2nd quarter,7:41.0,Bimbo Coles,CLE,False,2-pointer,6,27-29,'SAS',trails
667,667,667,200211180SAS,19.6,19.0,2nd quarter,4:21.0,Bimbo Coles,CLE,False,2-pointer,15,31-37,'SAS',trails
670,670,670,200211180SAS,13.6,5.6,2nd quarter,1:08.0,Bimbo Coles,CLE,False,2-pointer,10,35-42,'SAS',trails
679,679,679,200211180SAS,12.2,18.7,3rd quarter,6:21.0,Bimbo Coles,CLE,True,2-pointer,18,45-58,'SAS',trails
680,680,680,200211180SAS,38.0,11.8,3rd quarter,5:39.0,Bimbo Coles,CLE,False,2-pointer,16,45-58,'SAS',trails
692,692,692,200211180SAS,37.6,11.9,4th quarter,10:04.0,Bimbo Coles,CLE,False,2-pointer,15,58-75,'SAS',trails
695,695,695,200211180SAS,22.7,6.2,4th quarter,8:18.0,Bimbo Coles,CLE,True,2-pointer,2,62-79,'SAS',trails
186,186,186,200211190HOU,12.2,14.9,1st quarter,9:52.0,Bimbo Coles,CLE,False,2-pointer,15,6-4,'HOU',leads
198,198,198,200211190HOU,1.3,7.0,1st quarter,1:43.0,Bimbo Coles,CLE,True,3-pointer,23,16-23,'HOU',trails
227,227,227,200211190HOU,42.1,15.0,3rd quarter,7:54.0,Bimbo Coles,CLE,False,2-pointer,21,45-52,'HOU',trails
228,228,228,200211190HOU,33.7,19.3,3rd quarter,7:11.0,Bimbo Coles,CLE,False,2-pointer,17,45-54,'HOU',trails
230,230,230,200211190HOU,24.0,5.0,3rd quarter,6:26.0,Bimbo Coles,CLE,True,2-pointer,0,49-56,'HOU',trails
1148,1148,1148,200211220NJN,7.7,5.0,1st quarter,10:09.0,Bimbo Coles,CLE,False,2-pointer,16,4-6,'NJN',trails
1154,1154,1154,200211220NJN,40.1,9.8,1st quarter,6:19.0,Bimbo Coles,CLE,True,2-pointer,17,14-22,'NJN',trails
1158,1158,1158,200211220NJN,40.6,7.0,1st quarter,4:38.0,Bimbo Coles,CLE,True,2-pointer,17,18-24,'NJN',trails
1163,1163,1163,200211220NJN,19.9,19.1,1st quarter,1:23.0,Bimbo Coles,CLE,False,2-pointer,15,21-34,'NJN',trails
1181,1181,1181,200211220NJN,7.1,19.8,2nd quarter,2:35.0,Bimbo Coles,CLE,False,2-pointer,22,37-56,'NJN',trails
1187,1187,1187,200211220NJN,34.0,27.2,3rd quarter,11:24.0,Bimbo Coles,CLE,False,3-pointer,24,41-62,'NJN',trails
1188,1188,1188,200211220NJN,24.0,5.0,3rd quarter,10:53.0,Bimbo Coles,CLE,False,2-pointer,0,41-62,'NJN',trails
1190,1190,1190,200211220NJN,41.7,5.7,3rd quarter,9:38.0,Bimbo Coles,CLE,True,2-pointer,18,43-66,'NJN',trails
1202,1202,1202,200211220NJN,8.4,10.4,3rd quarter,4:07.0,Bimbo Coles,CLE,False,2-pointer,17,50-72,'NJN',trails
254,254,254,200211230CLE,0.7,2.7,1st quarter,5:22.0,Bimbo Coles,CLE,False,3-pointer,23,10-12,'NOH',trails
269,269,269,200211230CLE,21.2,6.5,2nd quarter,7:25.0,Bimbo Coles,CLE,False,2-pointer,3,32-35,'NOH',trails
307,307,307,200211230CLE,27.9,18.7,4th quarter,3:49.0,Bimbo Coles,CLE,False,2-pointer,14,74-93,'NOH',trails
264,264,264,200211260CLE,27.1,19.5,1st quarter,4:30.0,Bimbo Coles,CLE,True,2-pointer,15,11-15,'SAC',trails
270,270,270,200211260CLE,42.9,7.6,1st quarter,2:06.0,Bimbo Coles,CLE,False,2-pointer,19,17-15,'SAC',leads
274,274,274,200211260CLE,47.3,13.4,1st quarter,0:05.8,Bimbo Coles,CLE,False,3-pointer,25,21-17,'SAC',leads
280,280,280,200211260CLE,8.7,16.7,2nd quarter,10:33.0,Bimbo Coles,CLE,False,2-pointer,19,23-23,'SAC',tied
306,306,306,200211260CLE,10.9,20.5,3rd quarter,7:23.0,Bimbo Coles,CLE,True,2-pointer,20,54-54,'SAC',tied
308,308,308,200211260CLE,5.6,3.1,3rd quarter,5:56.0,Bimbo Coles,CLE,False,2-pointer,19,54-58,'SAC',trails
312,312,312,200211260CLE,12.5,4.4,3rd quarter,4:53.0,Bimbo Coles,CLE,True,2-pointer,12,56-58,'SAC',trails
329,329,329,200211260CLE,1.0,11.4,4th quarter,3:01.0,Bimbo Coles,CLE,True,3-pointer,24,81-85,'SAC',trails
663,663,663,200211270MIL,26.3,20.6,1st quarter,1:54.0,Bimbo Coles,CLE,False,2-pointer,16,22-18,'MIL',leads
666,666,666,200211270MIL,23.8,31.5,1st quarter,0:02.4,Bimbo Coles,CLE,False,3-pointer,27,24-21,'MIL',leads
668,668,668,200211270MIL,24.0,5.0,2nd quarter,10:30.0,Bimbo Coles,CLE,False,2-pointer,0,24-21,'MIL',leads
701,701,701,200211270MIL,6.9,4.5,3rd quarter,5:52.0,Bimbo Coles,CLE,True,2-pointer,17,54-66,'MIL',trails
449,449,449,200211290CLE,38.3,9.5,2nd quarter,11:05.0,Bimbo Coles,CLE,False,2-pointer,15,26-23,'CLE',leads
478,478,478,200211290CLE,9.2,2.6,3rd quarter,4:34.0,Bimbo Coles,CLE,True,2-pointer,15,62-79,'CLE',trails
486,486,486,200211290CLE,8.7,11.6,3rd quarter,0:01.0,Bimbo Coles,CLE,True,2-pointer,17,72-84,'CLE',trails
487,487,487,200211290CLE,30.7,8.6,4th quarter,11:43.0,Bimbo Coles,CLE,False,2-pointer,8,72-84,'CLE',trails
365,365,365,200211300MIA,31.2,24.1,2nd quarter,11:05.0,Bimbo Coles,CLE,False,2-pointer,20,19-23,'MIA',trails
378,378,378,200211300MIA,36.3,20.3,2nd quarter,3:38.0,Bimbo Coles,CLE,False,2-pointer,20,34-38,'MIA',trails
181,181,181,200212020NYK,47.0,6.5,1st quarter,0:51.4,Bimbo Coles,CLE,False,3-pointer,23,18-26,'NYK',trails
527,527,527,200302110IND,42.9,6.0,2nd quarter,10:10.0,Bimbo Coles,CLE,False,2-pointer,19,23-37,'IND',trails
538,538,538,200302110IND,0.8,6.3,2nd quarter,2:45.0,Bimbo Coles,CLE,False,3-pointer,23,35-52,'IND',trails
540,540,540,200302110IND,29.4,13.7,2nd quarter,2:12.0,Bimbo Coles,CLE,False,2-pointer,10,37-54,'IND',trails
577,577,577,200302110IND,33.2,15.7,4th quarter,1:01.0,Bimbo Coles,CLE,False,2-pointer,14,94-102,'IND',trails
108,108,108,200302120CLE,24.6,5.3,2nd quarter,11:13.0,Bimbo Coles,CLE,True,2-pointer,1,34-32,'CLE',leads
298,298,298,200302160CLE,15.5,10.3,4th quarter,11:41.0,Bimbo Coles,CLE,False,2-pointer,10,52-73,'DET',trails
301,301,301,200302160CLE,38.9,10.3,4th quarter,9:55.0,Bimbo Coles,CLE,True,2-pointer,16,59-73,'DET',trails
306,306,306,200302160CLE,14.3,8.0,4th quarter,6:44.0,Bimbo Coles,CLE,False,2-pointer,10,61-79,'DET',trails
131,131,131,200303090BOS,25.0,20.6,4th quarter,7:52.0,Bimbo Coles,BOS,True,2-pointer,16,58-82,'SAS',trails
132,132,132,200303090BOS,8.7,13.6,4th quarter,7:23.0,Bimbo Coles,BOS,False,2-pointer,18,58-82,'SAS',trails
273,273,273,200303120BOS,47.2,4.7,2nd quarter,5:39.0,Bimbo Coles,BOS,False,3-pointer,23,29-23,'NOH',leads
274,274,274,200303120BOS,9.4,5.0,2nd quarter,5:08.0,Bimbo Coles,BOS,False,2-pointer,15,29-25,'NOH',leads
318,318,318,200303120BOS,12.7,19.0,4th quarter,2:02.0,Bimbo Coles,BOS,True,2-pointer,18,91-65,'NOH',leads
321,321,321,200303120BOS,41.2,4.4,4th quarter,1:06.0,Bimbo Coles,BOS,False,2-pointer,17,91-65,'NOH',leads
152,152,152,200303180BOS,38.8,4.9,4th quarter,4:01.0,Bimbo Coles,BOS,True,2-pointer,15,66-85,'NJN',trails
153,153,153,200303180BOS,40.9,7.6,4th quarter,3:34.0,Bimbo Coles,BOS,False,2-pointer,17,66-85,'NJN',trails
155,155,155,200303180BOS,8.2,14.7,4th quarter,2:55.0,Bimbo Coles,BOS,True,2-pointer,19,68-85,'NJN',trails
156,156,156,200303180BOS,33.5,24.2,4th quarter,1:47.0,Bimbo Coles,BOS,True,2-pointer,21,70-85,'NJN',trails
177,177,177,200303190IND,27.8,24.7,1st quarter,4:36.0,Bimbo Coles,BOS,True,2-pointer,20,11-17,'IND',trails
201,201,201,200303190IND,12.3,19.3,2nd quarter,1:23.0,Bimbo Coles,BOS,True,2-pointer,18,27-51,'IND',trails
228,228,228,200303190IND,0.2,5.8,4th quarter,8:35.0,Bimbo Coles,BOS,False,3-pointer,24,59-87,'IND',trails
232,232,232,200303190IND,32.9,29.5,4th quarter,6:20.0,Bimbo Coles,BOS,False,3-pointer,26,62-93,'IND',trails
233,233,233,200303190IND,15.3,20.8,4th quarter,5:59.0,Bimbo Coles,BOS,False,2-pointer,18,62-93,'IND',trails
241,241,241,200303190IND,47.5,4.1,4th quarter,1:30.0,Bimbo Coles,BOS,False,3-pointer,24,68-101,'IND',trails
353,353,353,200303210LAL,24.0,5.0,2nd quarter,10:43.0,Bimbo Coles,BOS,True,2-pointer,0,31-23,'LAL',leads
354,354,354,200303210LAL,28.7,20.8,2nd quarter,10:04.0,Bimbo Coles,BOS,False,2-pointer,16,31-23,'LAL',leads
512,512,512,200303220DEN,43.2,10.4,2nd quarter,7:26.0,Bimbo Coles,BOS,False,2-pointer,20,32-25,'BOS',leads
538,538,538,200303220DEN,8.6,4.9,3rd quarter,4:52.0,Bimbo Coles,BOS,False,2-pointer,15,51-59,'BOS',trails
788,788,788,200303240UTA,14.0,22.9,1st quarter,4:39.0,Bimbo Coles,BOS,True,2-pointer,21,17-16,'UTA',leads
792,792,792,200303240UTA,14.8,21.9,1st quarter,1:10.0,Bimbo Coles,BOS,False,2-pointer,19,28-24,'UTA',leads
811,811,811,200303240UTA,13.0,19.6,2nd quarter,1:22.0,Bimbo Coles,BOS,False,2-pointer,18,48-46,'UTA',leads
136,136,136,200303260BOS,41.6,11.9,3rd quarter,4:11.0,Bimbo Coles,BOS,False,2-pointer,19,68-74,'BOS',trails
140,140,140,200303260BOS,7.4,5.8,3rd quarter,1:46.0,Bimbo Coles,BOS,True,2-pointer,17,72-79,'BOS',trails
145,145,145,200303260BOS,47.0,5.8,4th quarter,11:23.0,Bimbo Coles,BOS,False,3-pointer,23,74-81,'BOS',trails
157,157,157,200303260BOS,38.0,20.6,4th quarter,5:19.0,Bimbo Coles,BOS,True,2-pointer,21,81-101,'BOS',trails
163,163,163,200303260BOS,16.1,24.9,4th quarter,1:23.0,Bimbo Coles,BOS,True,2-pointer,21,89-107,'BOS',trails
165,165,165,200303260BOS,21.4,4.9,4th quarter,0:27.2,Bimbo Coles,BOS,True,2-pointer,3,93-107,'BOS',trails
166,166,166,200303260BOS,24.0,5.0,4th quarter,0:18.8,Bimbo Coles,BOS,True,2-pointer,0,95-107,'BOS',trails
89,89,89,200303280BOS,11.2,16.0,1st quarter,1:08.0,Bimbo Coles,BOS,True,2-pointer,17,32-25,'BOS',leads
93,93,93,200303280BOS,39.6,11.6,2nd quarter,10:49.0,Bimbo Coles,BOS,True,2-pointer,17,41-27,'BOS',leads
99,99,99,200303280BOS,13.2,19.6,2nd quarter,7:30.0,Bimbo Coles,BOS,False,2-pointer,18,43-30,'BOS',leads
100,100,100,200303280BOS,22.0,36.7,2nd quarter,6:56.0,Bimbo Coles,BOS,False,3-pointer,32,43-30,'BOS',leads
114,114,114,200303280BOS,33.2,20.5,3rd quarter,8:18.0,Bimbo Coles,BOS,False,2-pointer,18,57-55,'BOS',leads
373,373,373,200303290CLE,13.5,19.3,1st quarter,3:22.0,Bimbo Coles,BOS,False,2-pointer,18,16-19,'BOS',trails
374,374,374,200303290CLE,24.8,7.0,1st quarter,3:00.0,Bimbo Coles,BOS,False,2-pointer,2,16-19,'BOS',trails
145,145,145,200304020BOS,33.8,20.3,4th quarter,7:32.0,Bimbo Coles,BOS,True,2-pointer,18,79-50,'MIA',leads
147,147,147,200304020BOS,36.6,5.0,4th quarter,5:50.0,Bimbo Coles,BOS,True,2-pointer,13,86-52,'MIA',leads
153,153,153,200304020BOS,47.3,3.7,4th quarter,1:46.0,Bimbo Coles,BOS,False,3-pointer,23,88-56,'MIA',leads
143,143,143,200304100BOS,29.1,19.1,4th quarter,6:27.0,Bimbo Coles,BOS,False,2-pointer,15,70-85,'BOS',trails
155,155,155,200304100BOS,32.9,21.9,4th quarter,0:02.7,Bimbo Coles,BOS,True,2-pointer,19,78-99,'BOS',trails
117,117,117,200304160BOS,11.5,17.5,2nd quarter,2:17.0,Bimbo Coles,BOS,False,2-pointer,18,46-44,'DET',leads
143,143,143,200304160BOS,42.6,7.2,4th quarter,11:04.0,Bimbo Coles,BOS,True,2-pointer,19,77-75,'DET',leads
144,144,144,200304160BOS,11.2,18.3,4th quarter,10:32.0,Bimbo Coles,BOS,False,2-pointer,18,77-76,'DET',leads
149,149,149,200304160BOS,34.7,20.8,4th quarter,6:01.0,Bimbo Coles,BOS,False,2-pointer,19,87-84,'DET',leads
154,154,154,200304160BOS,22.0,16.7,4th quarter,2:15.0,Bimbo Coles,BOS,True,2-pointer,12,95-89,'DET',leads
155,155,155,200304160BOS,28.4,22.4,4th quarter,1:40.0,Bimbo Coles,BOS,True,2-pointer,18,97-92,'DET',leads
156,156,156,200304160BOS,42.2,5.0,4th quarter,1:06.0,Bimbo Coles,BOS,False,2-pointer,18,97-92,'DET',leads
152,152,152,200304240BOS,22.9,6.8,4th quarter,0:50.6,Bimbo Coles,BOS,False,2-pointer,2,97-81,'IND',leads
145,145,145,200305090BOS,32.5,21.3,4th quarter,0:31.5,Bimbo Coles,BOS,False,2-pointer,18,76-94,'NJN',trails
148,148,148,200305120BOS,22.7,29.0,3rd quarter,0:51.5,Bimbo Coles,BOS,False,3-pointer,24,69-71,'NJN',trails
149,149,149,200305120BOS,0.2,5.5,3rd quarter,0:29.5,Bimbo Coles,BOS,False,3-pointer,24,69-71,'NJN',trails
50,50,50,200310290BOS,33.8,7.8,3rd quarter,1:01.0,Bimbo Coles,MIA,False,2-pointer,10,58-77,'MIA',trails
57,57,57,200310290BOS,3.1,14.1,4th quarter,9:46.0,Bimbo Coles,MIA,False,2-pointer,23,62-79,'MIA',trails
67,67,67,200310290BOS,34.0,20.8,4th quarter,3:29.0,Bimbo Coles,MIA,False,2-pointer,19,68-94,'MIA',trails
801,801,801,200310310MIA,8.2,15.2,4th quarter,11:14.0,Bimbo Coles,MIA,False,2-pointer,19,62-76,'MIA',trails
803,803,803,200310310MIA,24.0,5.0,4th quarter,10:51.0,Bimbo Coles,MIA,True,2-pointer,0,67-76,'MIA',trails
314,314,314,200311030DAL,41.7,7.2,1st quarter,11:07.0,Bimbo Coles,MIA,False,2-pointer,18,2-0,'MIA',leads
316,316,316,200311030DAL,44.4,12.6,1st quarter,9:36.0,Bimbo Coles,MIA,False,2-pointer,22,2-6,'MIA',trails
338,338,338,200311030DAL,16.3,21.0,2nd quarter,9:41.0,Bimbo Coles,MIA,True,2-pointer,18,30-27,'MIA',leads
341,341,341,200311030DAL,40.3,9.9,2nd quarter,8:02.0,Bimbo Coles,MIA,False,2-pointer,17,30-31,'MIA',trails
356,356,356,200311030DAL,8.1,15.2,3rd quarter,10:33.0,Bimbo Coles,MIA,False,2-pointer,19,50-50,'MIA',tied
362,362,362,200311030DAL,38.9,20.8,3rd quarter,7:32.0,Bimbo Coles,MIA,False,2-pointer,22,53-55,'MIA',trails
375,375,375,200311030DAL,16.1,7.5,4th quarter,10:04.0,Bimbo Coles,MIA,True,2-pointer,8,68-77,'MIA',trails
524,524,524,200311040SAS,6.6,5.7,4th quarter,11:15.0,Bimbo Coles,MIA,False,2-pointer,17,59-61,'SAS',trails
1152,1152,1152,200311180SEA,4.9,4.2,2nd quarter,3:25.0,Bimbo Coles,MIA,True,2-pointer,19,44-42,'MIA',leads
1153,1153,1153,200311180SEA,24.0,5.0,2nd quarter,2:57.0,Bimbo Coles,MIA,True,2-pointer,0,46-43,'MIA',leads
1154,1154,1154,200311180SEA,4.1,4.5,2nd quarter,1:59.0,Bimbo Coles,MIA,False,2-pointer,20,47-45,'MIA',leads
919,919,919,200312060MIA,10.2,5.7,4th quarter,7:46.0,Bimbo Coles,MIA,False,2-pointer,14,52-69,'SAS',trails
774,774,774,200312270MIA,24.0,5.0,2nd quarter,7:13.0,Bimbo Coles,MIA,True,2-pointer,0,25-37,'NYK',trails
812,812,812,200312270MIA,24.0,5.0,4th quarter,9:43.0,Bimbo Coles,MIA,False,2-pointer,0,63-87,'NYK',trails
596,596,596,200401020MIA,31.7,20.1,2nd quarter,5:34.0,Bimbo Coles,MIA,True,2-pointer,17,57-35,'MIA',leads
737,737,737,200401050MIA,24.0,5.0,2nd quarter,6:19.0,Bimbo Coles,MIA,True,2-pointer,0,34-32,'MIA',leads
740,740,740,200401050MIA,40.4,4.9,2nd quarter,3:36.0,Bimbo Coles,MIA,False,2-pointer,16,37-35,'MIA',leads
766,766,766,200401050MIA,24.0,5.0,4th quarter,10:01.0,Bimbo Coles,MIA,True,2-pointer,0,55-66,'MIA',trails
773,773,773,200401070MIA,3.8,5.8,2nd quarter,7:27.0,Bimbo Coles,MIA,True,2-pointer,20,33-28,'MIA',leads
837,837,837,200401090MIL,40.4,3.2,2nd quarter,10:22.0,Bimbo Coles,MIA,False,2-pointer,17,23-27,'MIA',trails
838,838,838,200401090MIL,24.0,5.0,2nd quarter,9:52.0,Bimbo Coles,MIA,False,2-pointer,0,23-27,'MIA',trails
840,840,840,200401090MIL,11.8,19.6,2nd quarter,8:22.0,Bimbo Coles,MIA,False,2-pointer,19,23-33,'MIA',trails
843,843,843,200401150UTA,33.8,19.3,4th quarter,10:54.0,Bimbo Coles,MIA,False,2-pointer,17,64-66,'MIA',trails
520,520,520,200401160LAC,10.4,17.2,2nd quarter,5:48.0,Bimbo Coles,MIA,True,2-pointer,18,30-26,'MIA',leads
523,523,523,200401160LAC,9.7,11.6,2nd quarter,3:54.0,Bimbo Coles,MIA,False,2-pointer,16,33-32,'MIA',leads
525,525,525,200401160LAC,35.8,7.6,2nd quarter,3:14.0,Bimbo Coles,MIA,False,2-pointer,12,35-34,'MIA',leads
189,189,189,200401180DEN,24.0,5.0,2nd quarter,7:01.0,Bimbo Coles,MIA,True,2-pointer,0,23-35,'MIA',trails
1150,1150,1150,200402200MIA,40.6,16.8,4th quarter,8:30.0,Bimbo Coles,MIA,False,2-pointer,20,107-72,'MIA',leads
1163,1163,1163,200402200MIA,34.5,22.1,4th quarter,0:41.9,Bimbo Coles,MIA,False,2-pointer,20,122-92,'MIA',leads
